Experiment,sample,i5,i5_index,i5_cut,i7,i7_index,,Plate,nick,sample_ID
II,1B_4h,017_P5,TCGGCAGCAA,TCGGCAGC,017_P7,GAGAATGGTT,GAGAATGG,MCS,MCS,MCS_1B_4h
II,1A_4h,018_P5,CTAATGATGG,CTAATGAT,017_P7,GAGAATGGTT,GAGAATGG,MCS,MCS,MCS_1A_4h
II,1C_2h,019_P5,GGTTGCCTCT,GGTTGCCT,017_P7,GAGAATGGTT,GAGAATGG,MCS,MCS,MCS_1C_2h
II,1B_2h,020_P5,CGCACATGGC,CGCACATG,017_P7,GAGAATGGTT,GAGAATGG,MCS,MCS,MCS_1B_2h
II,1A_2h,021_P5,GGCCTGTCCT,GGCCTGTC,017_P7,GAGAATGGTT,GAGAATGG,MCS,MCS,MCS_1A_2h
II,1C_1h,022_P5,CTGTGTTAGG,CTGTGTTA,017_P7,GAGAATGGTT,GAGAATGG,MCS,MCS,MCS_1C_1h
II,1B_1h,023_P5,TAAGGAACGT,TAAGGAAC,017_P7,GAGAATGGTT,GAGAATGG,MCS,MCS,MCS_1B_1h
II,1A_1h,024_P5,CTAACTGTAA,CTAACTGT,017_P7,GAGAATGGTT,GAGAATGG,MCS,MCS,MCS_1A_1h
II,1A_20h,017_P5,TCGGCAGCAA,TCGGCAGC,018_P7,AGAGGCAACC,AGAGGCAA,MCS,MCS,MCS_1A_20h
II,1C_8h,018_P5,CTAATGATGG,CTAATGAT,018_P7,AGAGGCAACC,AGAGGCAA,MCS,MCS,MCS_1C_8h
II,1B_8h,019_P5,GGTTGCCTCT,GGTTGCCT,018_P7,AGAGGCAACC,AGAGGCAA,MCS,MCS,MCS_1B_8h
II,1A_8h,020_P5,CGCACATGGC,CGCACATG,018_P7,AGAGGCAACC,AGAGGCAA,MCS,MCS,MCS_1A_8h
II,1C_6h,021_P5,GGCCTGTCCT,GGCCTGTC,018_P7,AGAGGCAACC,AGAGGCAA,MCS,MCS,MCS_1C_6h
II,1B_6h,022_P5,CTGTGTTAGG,CTGTGTTA,018_P7,AGAGGCAACC,AGAGGCAA,MCS,MCS,MCS_1B_6h
II,1A_6h,023_P5,TAAGGAACGT,TAAGGAAC,018_P7,AGAGGCAACC,AGAGGCAA,MCS,MCS,MCS_1A_6h
II,1C_4h,024_P5,CTAACTGTAA,CTAACTGT,018_P7,AGAGGCAACC,AGAGGCAA,MCS,MCS,MCS_1C_4h
II,2C_2h,017_P5,TCGGCAGCAA,TCGGCAGC,019_P7,CCATCATTAG,CCATCATT,MCS,MCS,MCS_2C_2h
II,2B_2h,018_P5,CTAATGATGG,CTAATGAT,019_P7,CCATCATTAG,CCATCATT,MCS,MCS,MCS_2B_2h
II,2A_2h,019_P5,GGTTGCCTCT,GGTTGCCT,019_P7,CCATCATTAG,CCATCATT,MCS,MCS,MCS_2A_2h
II,2C_1h,020_P5,CGCACATGGC,CGCACATG,019_P7,CCATCATTAG,CCATCATT,MCS,MCS,MCS_2C_1h
II,2B_1h,021_P5,GGCCTGTCCT,GGCCTGTC,019_P7,CCATCATTAG,CCATCATT,MCS,MCS,MCS_2B_1h
II,2A_1h,022_P5,CTGTGTTAGG,CTGTGTTA,019_P7,CCATCATTAG,CCATCATT,MCS,MCS,MCS_2A_1h
II,1C_20h,023_P5,TAAGGAACGT,TAAGGAAC,019_P7,CCATCATTAG,CCATCATT,MCS,MCS,MCS_1C_20h
II,1B_20h,024_P5,CTAACTGTAA,CTAACTGT,019_P7,CCATCATTAG,CCATCATT,MCS,MCS,MCS_1B_20h
II,2B_8h,017_P5,TCGGCAGCAA,TCGGCAGC,020_P7,GATAGGCCGA,GATAGGCC,MCS,MCS,MCS_2B_8h
II,2A_8h,018_P5,CTAATGATGG,CTAATGAT,020_P7,GATAGGCCGA,GATAGGCC,MCS,MCS,MCS_2A_8h
II,2C_6h,019_P5,GGTTGCCTCT,GGTTGCCT,020_P7,GATAGGCCGA,GATAGGCC,MCS,MCS,MCS_2C_6h
II,2B_6h,020_P5,CGCACATGGC,CGCACATG,020_P7,GATAGGCCGA,GATAGGCC,MCS,MCS,MCS_2B_6h
II,2A_6h,021_P5,GGCCTGTCCT,GGCCTGTC,020_P7,GATAGGCCGA,GATAGGCC,MCS,MCS,MCS_2A_6h
II,2C_4h,022_P5,CTGTGTTAGG,CTGTGTTA,020_P7,GATAGGCCGA,GATAGGCC,MCS,MCS,MCS_2C_4h
II,2B_4h,023_P5,TAAGGAACGT,TAAGGAAC,020_P7,GATAGGCCGA,GATAGGCC,MCS,MCS,MCS_2B_4h
II,2A_4h,024_P5,CTAACTGTAA,CTAACTGT,020_P7,GATAGGCCGA,GATAGGCC,MCS,MCS,MCS_2A_4h
II,3A_2h,017_P5,TCGGCAGCAA,TCGGCAGC,021_P7,ATGGTTGACT,ATGGTTGA,MCS,MCS,MCS_3A_2h
II,3C_1h,018_P5,CTAATGATGG,CTAATGAT,021_P7,ATGGTTGACT,ATGGTTGA,MCS,MCS,MCS_3C_1h
II,3B_1h,019_P5,GGTTGCCTCT,GGTTGCCT,021_P7,ATGGTTGACT,ATGGTTGA,MCS,MCS,MCS_3B_1h
II,3A_1h,020_P5,CGCACATGGC,CGCACATG,021_P7,ATGGTTGACT,ATGGTTGA,MCS,MCS,MCS_3A_1h
II,2C_20h,021_P5,GGCCTGTCCT,GGCCTGTC,021_P7,ATGGTTGACT,ATGGTTGA,MCS,MCS,MCS_2C_20h
II,2B_20h,022_P5,CTGTGTTAGG,CTGTGTTA,021_P7,ATGGTTGACT,ATGGTTGA,MCS,MCS,MCS_2B_20h
II,2A_20h,023_P5,TAAGGAACGT,TAAGGAAC,021_P7,ATGGTTGACT,ATGGTTGA,MCS,MCS,MCS_2A_20h
II,2C_8h,024_P5,CTAACTGTAA,CTAACTGT,021_P7,ATGGTTGACT,ATGGTTGA,MCS,MCS,MCS_2C_8h
II,3C_6h,017_P5,TCGGCAGCAA,TCGGCAGC,022_P7,TATTGCGCTC,TATTGCGC,MCS,MCS,MCS_3C_6h
II,3B_6h,018_P5,CTAATGATGG,CTAATGAT,022_P7,TATTGCGCTC,TATTGCGC,MCS,MCS,MCS_3B_6h
II,3A_6h,019_P5,GGTTGCCTCT,GGTTGCCT,022_P7,TATTGCGCTC,TATTGCGC,MCS,MCS,MCS_3A_6h
II,3C_4h,020_P5,CGCACATGGC,CGCACATG,022_P7,TATTGCGCTC,TATTGCGC,MCS,MCS,MCS_3C_4h
II,3B_4h,021_P5,GGCCTGTCCT,GGCCTGTC,022_P7,TATTGCGCTC,TATTGCGC,MCS,MCS,MCS_3B_4h
II,3A_4h,022_P5,CTGTGTTAGG,CTGTGTTA,022_P7,TATTGCGCTC,TATTGCGC,MCS,MCS,MCS_3A_4h
II,3C_2h,023_P5,TAAGGAACGT,TAAGGAAC,022_P7,TATTGCGCTC,TATTGCGC,MCS,MCS,MCS_3C_2h
II,3B_2h,024_P5,CTAACTGTAA,CTAACTGT,022_P7,TATTGCGCTC,TATTGCGC,MCS,MCS,MCS_3B_2h
II,4B_1h,017_P5,TCGGCAGCAA,TCGGCAGC,023_P7,ACGCCTTGTT,ACGCCTTG,MCS,MCS,MCS_4B_1h
II,4A_1h,018_P5,CTAATGATGG,CTAATGAT,023_P7,ACGCCTTGTT,ACGCCTTG,MCS,MCS,MCS_4A_1h
II,3C_20h,019_P5,GGTTGCCTCT,GGTTGCCT,023_P7,ACGCCTTGTT,ACGCCTTG,MCS,MCS,MCS_3C_20h
II,3B_20h,020_P5,CGCACATGGC,CGCACATG,023_P7,ACGCCTTGTT,ACGCCTTG,MCS,MCS,MCS_3B_20h
II,3A_20h,021_P5,GGCCTGTCCT,GGCCTGTC,023_P7,ACGCCTTGTT,ACGCCTTG,MCS,MCS,MCS_3A_20h
II,3C_8h,022_P5,CTGTGTTAGG,CTGTGTTA,023_P7,ACGCCTTGTT,ACGCCTTG,MCS,MCS,MCS_3C_8h
II,3B_8h,023_P5,TAAGGAACGT,TAAGGAAC,023_P7,ACGCCTTGTT,ACGCCTTG,MCS,MCS,MCS_3B_8h
II,3A_8h,024_P5,CTAACTGTAA,CTAACTGT,023_P7,ACGCCTTGTT,ACGCCTTG,MCS,MCS,MCS_3A_8h
II,4A_6h,017_P5,TCGGCAGCAA,TCGGCAGC,024_P7,TTCTACATAC,TTCTACAT,MCS,MCS,MCS_4A_6h
II,4C_4h,018_P5,CTAATGATGG,CTAATGAT,024_P7,TTCTACATAC,TTCTACAT,MCS,MCS,MCS_4C_4h
II,4B_4h,019_P5,GGTTGCCTCT,GGTTGCCT,024_P7,TTCTACATAC,TTCTACAT,MCS,MCS,MCS_4B_4h
II,4A_4h,020_P5,CGCACATGGC,CGCACATG,024_P7,TTCTACATAC,TTCTACAT,MCS,MCS,MCS_4A_4h
II,4C_2h,021_P5,GGCCTGTCCT,GGCCTGTC,024_P7,TTCTACATAC,TTCTACAT,MCS,MCS,MCS_4C_2h
II,4B_2h,022_P5,CTGTGTTAGG,CTGTGTTA,024_P7,TTCTACATAC,TTCTACAT,MCS,MCS,MCS_4B_2h
II,4A_2h,023_P5,TAAGGAACGT,TAAGGAAC,024_P7,TTCTACATAC,TTCTACAT,MCS,MCS,MCS_4A_2h
II,4C_1h,024_P5,CTAACTGTAA,CTAACTGT,024_P7,TTCTACATAC,TTCTACAT,MCS,MCS,MCS_4C_1h
II,4C_20h,025_P5,GGCGAGATGG,GGCGAGAT,025_P7,AACCATAGAA,AACCATAG,MCS,MCS,MCS_4C_20h
II,4B_20h,026_P5,AATAGAGCAA,AATAGAGC,025_P7,AACCATAGAA,AACCATAG,MCS,MCS,MCS_4B_20h
II,4A_20h,027_P5,TCAATCCATT,TCAATCCA,025_P7,AACCATAGAA,AACCATAG,MCS,MCS,MCS_4A_20h
II,4C_8h,028_P5,TCGTATGCGG,TCGTATGC,025_P7,AACCATAGAA,AACCATAG,MCS,MCS,MCS_4C_8h
II,4B_8h,029_P5,TCCGACCTCG,TCCGACCT,025_P7,AACCATAGAA,AACCATAG,MCS,MCS,MCS_4B_8h
II,4A_8h,030_P5,CTTATGGAAT,CTTATGGA,025_P7,AACCATAGAA,AACCATAG,MCS,MCS,MCS_4A_8h
II,4C_6h,031_P5,GCTTACGGAC,GCTTACGG,025_P7,AACCATAGAA,AACCATAG,MCS,MCS,MCS_4C_6h
II,4B_6h,032_P5,GAACATACGG,GAACATAC,025_P7,AACCATAGAA,AACCATAG,MCS,MCS,MCS_4B_6h
II,5B_4h,025_P5,GGCGAGATGG,GGCGAGAT,026_P7,GGTTGCGAGG,GGTTGCGA,MCS,MCS,MCS_5B_4h
II,5A_4h,026_P5,AATAGAGCAA,AATAGAGC,026_P7,GGTTGCGAGG,GGTTGCGA,MCS,MCS,MCS_5A_4h
II,5C_2h,027_P5,TCAATCCATT,TCAATCCA,026_P7,GGTTGCGAGG,GGTTGCGA,MCS,MCS,MCS_5C_2h
II,5B_2h,028_P5,TCGTATGCGG,TCGTATGC,026_P7,GGTTGCGAGG,GGTTGCGA,MCS,MCS,MCS_5B_2h
II,5A_2h,029_P5,TCCGACCTCG,TCCGACCT,026_P7,GGTTGCGAGG,GGTTGCGA,MCS,MCS,MCS_5A_2h
II,5C_1h,030_P5,CTTATGGAAT,CTTATGGA,026_P7,GGTTGCGAGG,GGTTGCGA,MCS,MCS,MCS_5C_1h
II,5B_1h,031_P5,GCTTACGGAC,GCTTACGG,026_P7,GGTTGCGAGG,GGTTGCGA,MCS,MCS,MCS_5B_1h
II,5A_1h,032_P5,GAACATACGG,GAACATAC,026_P7,GGTTGCGAGG,GGTTGCGA,MCS,MCS,MCS_5A_1h
II,5A_20h,025_P5,GGCGAGATGG,GGCGAGAT,027_P7,TAAGCATCCA,TAAGCATC,MCS,MCS,MCS_5A_20h
II,5C_8h,026_P5,AATAGAGCAA,AATAGAGC,027_P7,TAAGCATCCA,TAAGCATC,MCS,MCS,MCS_5C_8h
II,5B_8h,027_P5,TCAATCCATT,TCAATCCA,027_P7,TAAGCATCCA,TAAGCATC,MCS,MCS,MCS_5B_8h
II,5A_8h,028_P5,TCGTATGCGG,TCGTATGC,027_P7,TAAGCATCCA,TAAGCATC,MCS,MCS,MCS_5A_8h
II,5C_6h,029_P5,TCCGACCTCG,TCCGACCT,027_P7,TAAGCATCCA,TAAGCATC,MCS,MCS,MCS_5C_6h
II,5B_6h,030_P5,CTTATGGAAT,CTTATGGA,027_P7,TAAGCATCCA,TAAGCATC,MCS,MCS,MCS_5B_6h
II,5A_6h,031_P5,GCTTACGGAC,GCTTACGG,027_P7,TAAGCATCCA,TAAGCATC,MCS,MCS,MCS_5A_6h
II,5C_4h,032_P5,GAACATACGG,GAACATAC,027_P7,TAAGCATCCA,TAAGCATC,MCS,MCS,MCS_5C_4h
II,Neg_index,029_P5,TCCGACCTCG,TCCGACCT,028_P7,ACCACGACAT,ACCACGAC,MCS,MCS,MCS_Neg_index
II,Neg_PCR,030_P5,CTTATGGAAT,CTTATGGA,028_P7,ACCACGACAT,ACCACGAC,MCS,MCS,MCS_Neg_PCR
II,5C_20h,031_P5,GCTTACGGAC,GCTTACGG,028_P7,ACCACGACAT,ACCACGAC,MCS,MCS,MCS_5C_20h
II,5B_20h,032_P5,GAACATACGG,GAACATAC,028_P7,ACCACGACAT,ACCACGAC,MCS,MCS,MCS_5B_20h
II,3B_Homog,025_P5,GGCGAGATGG,GGCGAGAT,030_P7,CCACCAGGCA,CCACCAGG,MCS,MCS,MCS_3B_Homog
II,3A_Homog,026_P5,AATAGAGCAA,AATAGAGC,030_P7,CCACCAGGCA,CCACCAGG,MCS,MCS,MCS_3A_Homog
II,2C_Homog,027_P5,TCAATCCATT,TCAATCCA,030_P7,CCACCAGGCA,CCACCAGG,MCS,MCS,MCS_2C_Homog
II,2B_Homog,028_P5,TCGTATGCGG,TCGTATGC,030_P7,CCACCAGGCA,CCACCAGG,MCS,MCS,MCS_2B_Homog
II,2A_Homog,029_P5,TCCGACCTCG,TCCGACCT,030_P7,CCACCAGGCA,CCACCAGG,MCS,MCS,MCS_2A_Homog
II,1C_Homog,030_P5,CTTATGGAAT,CTTATGGA,030_P7,CCACCAGGCA,CCACCAGG,MCS,MCS,MCS_1C_Homog
II,1B_Homog,031_P5,GCTTACGGAC,GCTTACGG,030_P7,CCACCAGGCA,CCACCAGG,MCS,MCS,MCS_1B_Homog
II,1A_Homog,032_P5,GAACATACGG,GAACATAC,030_P7,CCACCAGGCA,CCACCAGG,MCS,MCS,MCS_1A_Homog
II,Bla1_20h,025_P5,GGCGAGATGG,GGCGAGAT,031_P7,GTGACACGCA,GTGACACG,MCS,MCS,MCS_Bla1_20h
II,Bla1_8h,026_P5,AATAGAGCAA,AATAGAGC,031_P7,GTGACACGCA,GTGACACG,MCS,MCS,MCS_Bla1_8h
II,5C_Homog,027_P5,TCAATCCATT,TCAATCCA,031_P7,GTGACACGCA,GTGACACG,MCS,MCS,MCS_5C_Homog
II,5A_Homog,028_P5,TCGTATGCGG,TCGTATGC,031_P7,GTGACACGCA,GTGACACG,MCS,MCS,MCS_5A_Homog
II,4C_Homog,029_P5,TCCGACCTCG,TCCGACCT,031_P7,GTGACACGCA,GTGACACG,MCS,MCS,MCS_4C_Homog
II,4B_Homog,030_P5,CTTATGGAAT,CTTATGGA,031_P7,GTGACACGCA,GTGACACG,MCS,MCS,MCS_4B_Homog
II,4A_Homog,031_P5,GCTTACGGAC,GCTTACGG,031_P7,GTGACACGCA,GTGACACG,MCS,MCS,MCS_4A_Homog
II,3C_Homog,032_P5,GAACATACGG,GAACATAC,031_P7,GTGACACGCA,GTGACACG,MCS,MCS,MCS_3C_Homog
II,Neg_index,027_P5,TCAATCCATT,TCAATCCA,032_P7,ACAGTGTATG,ACAGTGTA,MCS,MCS,MCS_Neg_index
II,Neg_PCR,028_P5,TCGTATGCGG,TCGTATGC,032_P7,ACAGTGTATG,ACAGTGTA,MCS,MCS,MCS_Neg_PCR
II,Bla3_20h,029_P5,TCCGACCTCG,TCCGACCT,032_P7,ACAGTGTATG,ACAGTGTA,MCS,MCS,MCS_Bla3_20h
II,Bla3_8h,030_P5,CTTATGGAAT,CTTATGGA,032_P7,ACAGTGTATG,ACAGTGTA,MCS,MCS,MCS_Bla3_8h
II,Bla2_20h,031_P5,GCTTACGGAC,GCTTACGG,032_P7,ACAGTGTATG,ACAGTGTA,MCS,MCS,MCS_Bla2_20h
II,Bla2_8h,032_P5,GAACATACGG,GAACATAC,032_P7,ACAGTGTATG,ACAGTGTA,MCS,MCS,MCS_Bla2_8h
III,3B,033_P5,GTCGATTACA,GTCGATTA,033_P7,TGATTATACG,TGATTATA,Ela,E,E_3B
III,3A,034_P5,ACTAGCCGTG,ACTAGCCG,033_P7,TGATTATACG,TGATTATA,Ela,E,E_3A
III,2C,035_P5,AAGTTGGTGA,AAGTTGGT,033_P7,TGATTATACG,TGATTATA,Ela,E,E_2C
III,2B,036_P5,TGGCAATATT,TGGCAATA,033_P7,TGATTATACG,TGATTATA,Ela,E,E_2B
III,2A,037_P5,GATCACCGCG,GATCACCG,033_P7,TGATTATACG,TGATTATA,Ela,E,E_2A
III,1C,038_P5,TACCATCCGT,TACCATCC,033_P7,TGATTATACG,TGATTATA,Ela,E,E_1C
III,1B,039_P5,GCTGTAGGAA,GCTGTAGG,033_P7,TGATTATACG,TGATTATA,Ela,E,E_1B
III,1A,040_P5,CGCACTAATG,CGCACTAA,033_P7,TGATTATACG,TGATTATA,Ela,E,E_1A
III,6A,033_P5,GTCGATTACA,GTCGATTA,034_P7,CAGCCGCGTA,CAGCCGCG,Ela,E,E_6A
III,5C,034_P5,ACTAGCCGTG,ACTAGCCG,034_P7,CAGCCGCGTA,CAGCCGCG,Ela,E,E_5C
III,5B,035_P5,AAGTTGGTGA,AAGTTGGT,034_P7,CAGCCGCGTA,CAGCCGCG,Ela,E,E_5B
III,5A,036_P5,TGGCAATATT,TGGCAATA,034_P7,CAGCCGCGTA,CAGCCGCG,Ela,E,E_5A
III,4C,037_P5,GATCACCGCG,GATCACCG,034_P7,CAGCCGCGTA,CAGCCGCG,Ela,E,E_4C
III,4B,038_P5,TACCATCCGT,TACCATCC,034_P7,CAGCCGCGTA,CAGCCGCG,Ela,E,E_4B
III,4A,039_P5,GCTGTAGGAA,GCTGTAGG,034_P7,CAGCCGCGTA,CAGCCGCG,Ela,E,E_4A
III,3C,040_P5,CGCACTAATG,CGCACTAA,034_P7,CAGCCGCGTA,CAGCCGCG,Ela,E,E_3C
III,Neg_index,034_P5,ACTAGCCGTG,ACTAGCCG,035_P7,GGTAACTCGC,GGTAACTC,Ela,E,E_Neg_index
III,Neg_PCR,035_P5,AAGTTGGTGA,AAGTTGGT,035_P7,GGTAACTCGC,GGTAACTC,Ela,E,E_Neg_PCR
III,8C,036_P5,TGGCAATATT,TGGCAATA,035_P7,GGTAACTCGC,GGTAACTC,Ela,E,E_8C
III,8B,037_P5,GATCACCGCG,GATCACCG,035_P7,GGTAACTCGC,GGTAACTC,Ela,E,E_8B
III,8A,038_P5,TACCATCCGT,TACCATCC,035_P7,GGTAACTCGC,GGTAACTC,Ela,E,E_8A
III,6C,039_P5,GCTGTAGGAA,GCTGTAGG,035_P7,GGTAACTCGC,GGTAACTC,Ela,E,E_6C
III,6B,040_P5,CGCACTAATG,CGCACTAA,035_P7,GGTAACTCGC,GGTAACTC,Ela,E,E_6B
III,11B,033_P5,GTCGATTACA,GTCGATTA,036_P7,ACCGGCCGTA,ACCGGCCG,Ela,E,E_11B
III,11A,034_P5,ACTAGCCGTG,ACTAGCCG,036_P7,ACCGGCCGTA,ACCGGCCG,Ela,E,E_11A
III,10C,035_P5,AAGTTGGTGA,AAGTTGGT,036_P7,ACCGGCCGTA,ACCGGCCG,Ela,E,E_10C
III,10B,036_P5,TGGCAATATT,TGGCAATA,036_P7,ACCGGCCGTA,ACCGGCCG,Ela,E,E_10B
III,10A,037_P5,GATCACCGCG,GATCACCG,036_P7,ACCGGCCGTA,ACCGGCCG,Ela,E,E_10A
III,9C,038_P5,TACCATCCGT,TACCATCC,036_P7,ACCGGCCGTA,ACCGGCCG,Ela,E,E_9C
III,9B,039_P5,GCTGTAGGAA,GCTGTAGG,036_P7,ACCGGCCGTA,ACCGGCCG,Ela,E,E_9B
III,9A,040_P5,CGCACTAATG,CGCACTAA,036_P7,ACCGGCCGTA,ACCGGCCG,Ela,E,E_9A
III,X,033_P5,GTCGATTACA,GTCGATTA,037_P7,TGTAATCGAC,TGTAATCG,Ela,E,E_X
III,13C,034_P5,ACTAGCCGTG,ACTAGCCG,037_P7,TGTAATCGAC,TGTAATCG,Ela,E,E_13C
III,13B,035_P5,AAGTTGGTGA,AAGTTGGT,037_P7,TGTAATCGAC,TGTAATCG,Ela,E,E_13B
III,13A,036_P5,TGGCAATATT,TGGCAATA,037_P7,TGTAATCGAC,TGTAATCG,Ela,E,E_13A
III,12C,037_P5,GATCACCGCG,GATCACCG,037_P7,TGTAATCGAC,TGTAATCG,Ela,E,E_12C
III,12B,038_P5,TACCATCCGT,TACCATCC,037_P7,TGTAATCGAC,TGTAATCG,Ela,E,E_12B
III,12A,039_P5,GCTGTAGGAA,GCTGTAGG,037_P7,TGTAATCGAC,TGTAATCG,Ela,E,E_12A
III,11C,040_P5,CGCACTAATG,CGCACTAA,037_P7,TGTAATCGAC,TGTAATCG,Ela,E,E_11C
I,aS1,041_P5,GACAACTGAA,GACAACTG,041_P7,ACTCGGCAAT,ACTCGGCA,Piotrek,P,P_aS1_2
I,aS2,042_P5,AGTGGTCAGG,AGTGGTCA,041_P7,ACTCGGCAAT,ACTCGGCA,Piotrek,P,P_aS2_2
I,aS3,043_P5,TTCTATGGTT,TTCTATGG,041_P7,ACTCGGCAAT,ACTCGGCA,Piotrek,P,P_aS3_2
I,aM1,044_P5,AATCCGGCCA,AATCCGGC,041_P7,ACTCGGCAAT,ACTCGGCA,Piotrek,P,P_aM1_2
I,aM2,045_P5,CCATAAGGTT,CCATAAGG,041_P7,ACTCGGCAAT,ACTCGGCA,Piotrek,P,P_aM2_2
I,aM3,046_P5,ATCTCTACCA,ATCTCTAC,041_P7,ACTCGGCAAT,ACTCGGCA,Piotrek,P,P_aM3_2
I,aL1,047_P5,CGGTGGCGAA,CGGTGGCG,041_P7,ACTCGGCAAT,ACTCGGCA,Piotrek,P,P_aL1_2
I,aL2,048_P5,TAACAATAGG,TAACAATA,041_P7,ACTCGGCAAT,ACTCGGCA,Piotrek,P,P_aL2_2
I,aL3,041_P5,GACAACTGAA,GACAACTG,042_P7,GTCTAATGGC,GTCTAATG,Piotrek,P,P_aL3_2
I,bS1,042_P5,AGTGGTCAGG,AGTGGTCA,042_P7,GTCTAATGGC,GTCTAATG,Piotrek,P,P_bS1_2
I,bS2,043_P5,TTCTATGGTT,TTCTATGG,042_P7,GTCTAATGGC,GTCTAATG,Piotrek,P,P_bS2_2
I,bS3,044_P5,AATCCGGCCA,AATCCGGC,042_P7,GTCTAATGGC,GTCTAATG,Piotrek,P,P_bS3_2
I,bM1,045_P5,CCATAAGGTT,CCATAAGG,042_P7,GTCTAATGGC,GTCTAATG,Piotrek,P,P_bM1_2
I,bM2,046_P5,ATCTCTACCA,ATCTCTAC,042_P7,GTCTAATGGC,GTCTAATG,Piotrek,P,P_bM2_2
I,bM3,047_P5,CGGTGGCGAA,CGGTGGCG,042_P7,GTCTAATGGC,GTCTAATG,Piotrek,P,P_bM3_2
I,bL1,048_P5,TAACAATAGG,TAACAATA,042_P7,GTCTAATGGC,GTCTAATG,Piotrek,P,P_bL1_2
I,bL2,041_P5,GACAACTGAA,GACAACTG,043_P7,CCATCTCGCC,CCATCTCG,Piotrek,P,P_bL2_2
I,bL3,042_P5,AGTGGTCAGG,AGTGGTCA,043_P7,CCATCTCGCC,CCATCTCG,Piotrek,P,P_bL3_2
I,aS1,043_P5,TTCTATGGTT,TTCTATGG,043_P7,CCATCTCGCC,CCATCTCG,Piotrek,P,P_aS1_4
I,aS2,044_P5,AATCCGGCCA,AATCCGGC,043_P7,CCATCTCGCC,CCATCTCG,Piotrek,P,P_aS2_4
I,aS3,045_P5,CCATAAGGTT,CCATAAGG,043_P7,CCATCTCGCC,CCATCTCG,Piotrek,P,P_aS3_4
I,aM1,046_P5,ATCTCTACCA,ATCTCTAC,043_P7,CCATCTCGCC,CCATCTCG,Piotrek,P,P_aM1_4
I,aM2,047_P5,CGGTGGCGAA,CGGTGGCG,043_P7,CCATCTCGCC,CCATCTCG,Piotrek,P,P_aM2_4
I,aM3,048_P5,TAACAATAGG,TAACAATA,043_P7,CCATCTCGCC,CCATCTCG,Piotrek,P,P_aM3_4
I,aL1,041_P5,GACAACTGAA,GACAACTG,044_P7,CTGCGAGCCA,CTGCGAGC,Piotrek,P,P_aL1_4
I,aL2,042_P5,AGTGGTCAGG,AGTGGTCA,044_P7,CTGCGAGCCA,CTGCGAGC,Piotrek,P,P_aL2_4
I,aL3,043_P5,TTCTATGGTT,TTCTATGG,044_P7,CTGCGAGCCA,CTGCGAGC,Piotrek,P,P_aL3_4
I,bS1,044_P5,AATCCGGCCA,AATCCGGC,044_P7,CTGCGAGCCA,CTGCGAGC,Piotrek,P,P_bS1_4
I,bS2,045_P5,CCATAAGGTT,CCATAAGG,044_P7,CTGCGAGCCA,CTGCGAGC,Piotrek,P,P_bS2_4
I,bS3,046_P5,ATCTCTACCA,ATCTCTAC,044_P7,CTGCGAGCCA,CTGCGAGC,Piotrek,P,P_bS3_4
I,bM1,047_P5,CGGTGGCGAA,CGGTGGCG,044_P7,CTGCGAGCCA,CTGCGAGC,Piotrek,P,P_bM1_4
I,bM2,048_P5,TAACAATAGG,TAACAATA,044_P7,CTGCGAGCCA,CTGCGAGC,Piotrek,P,P_bM2_4
I,bM3,041_P5,GACAACTGAA,GACAACTG,045_P7,CGTTATTCTA,CGTTATTC,Piotrek,P,P_bM3_4
I,bL1,042_P5,AGTGGTCAGG,AGTGGTCA,045_P7,CGTTATTCTA,CGTTATTC,Piotrek,P,P_bL1_4
I,bL2,043_P5,TTCTATGGTT,TTCTATGG,045_P7,CGTTATTCTA,CGTTATTC,Piotrek,P,P_bL2_4
I,bL3,044_P5,AATCCGGCCA,AATCCGGC,045_P7,CGTTATTCTA,CGTTATTC,Piotrek,P,P_bL3_4
I,aS1,045_P5,CCATAAGGTT,CCATAAGG,045_P7,CGTTATTCTA,CGTTATTC,Piotrek,P,P_aS1_6
I,aS2,046_P5,ATCTCTACCA,ATCTCTAC,045_P7,CGTTATTCTA,CGTTATTC,Piotrek,P,P_aS2_6
I,aS3,047_P5,CGGTGGCGAA,CGGTGGCG,045_P7,CGTTATTCTA,CGTTATTC,Piotrek,P,P_aS3_6
I,aM1,048_P5,TAACAATAGG,TAACAATA,045_P7,CGTTATTCTA,CGTTATTC,Piotrek,P,P_aM1_6
I,aM2,041_P5,GACAACTGAA,GACAACTG,046_P7,AGATCCATTA,AGATCCAT,Piotrek,P,P_aM2_6
I,aM3,042_P5,AGTGGTCAGG,AGTGGTCA,046_P7,AGATCCATTA,AGATCCAT,Piotrek,P,P_aM3_6
I,aL1,043_P5,TTCTATGGTT,TTCTATGG,046_P7,AGATCCATTA,AGATCCAT,Piotrek,P,P_aL1_6
I,aL2,044_P5,AATCCGGCCA,AATCCGGC,046_P7,AGATCCATTA,AGATCCAT,Piotrek,P,P_aL2_6
I,aL3,045_P5,CCATAAGGTT,CCATAAGG,046_P7,AGATCCATTA,AGATCCAT,Piotrek,P,P_aL3_6
I,bS1,046_P5,ATCTCTACCA,ATCTCTAC,046_P7,AGATCCATTA,AGATCCAT,Piotrek,P,P_bS1_6
I,bS2,047_P5,CGGTGGCGAA,CGGTGGCG,046_P7,AGATCCATTA,AGATCCAT,Piotrek,P,P_bS2_6
I,bS3,048_P5,TAACAATAGG,TAACAATA,046_P7,AGATCCATTA,AGATCCAT,Piotrek,P,P_bS3_6
I,bM1,041_P5,GACAACTGAA,GACAACTG,047_P7,GTCCTGGATA,GTCCTGGA,Piotrek,P,P_bM1_6
I,bM2,042_P5,AGTGGTCAGG,AGTGGTCA,047_P7,GTCCTGGATA,GTCCTGGA,Piotrek,P,P_bM2_6
I,bM3,043_P5,TTCTATGGTT,TTCTATGG,047_P7,GTCCTGGATA,GTCCTGGA,Piotrek,P,P_bM3_6
I,bL1,044_P5,AATCCGGCCA,AATCCGGC,047_P7,GTCCTGGATA,GTCCTGGA,Piotrek,P,P_bL1_6
I,bL2,045_P5,CCATAAGGTT,CCATAAGG,047_P7,GTCCTGGATA,GTCCTGGA,Piotrek,P,P_bL2_6
I,bL3,046_P5,ATCTCTACCA,ATCTCTAC,047_P7,GTCCTGGATA,GTCCTGGA,Piotrek,P,P_bL3_6
I,blank_a,047_P5,CGGTGGCGAA,CGGTGGCG,047_P7,GTCCTGGATA,GTCCTGGA,Piotrek,P,P_blank_a_6
I,blank_b,048_P5,TAACAATAGG,TAACAATA,047_P7,GTCCTGGATA,GTCCTGGA,Piotrek,P,P_blank_b_6
I,aS1,041_P5,GACAACTGAA,GACAACTG,048_P7,CAGTGGCACT,CAGTGGCA,Piotrek,P,P_aS1_h
I,aS2,042_P5,AGTGGTCAGG,AGTGGTCA,048_P7,CAGTGGCACT,CAGTGGCA,Piotrek,P,P_aS2_h
I,aS3,043_P5,TTCTATGGTT,TTCTATGG,048_P7,CAGTGGCACT,CAGTGGCA,Piotrek,P,P_aS3_h
I,aM1,044_P5,AATCCGGCCA,AATCCGGC,048_P7,CAGTGGCACT,CAGTGGCA,Piotrek,P,P_aM1_h
I,aM2,045_P5,CCATAAGGTT,CCATAAGG,048_P7,CAGTGGCACT,CAGTGGCA,Piotrek,P,P_aM2_h
I,aM3,046_P5,ATCTCTACCA,ATCTCTAC,048_P7,CAGTGGCACT,CAGTGGCA,Piotrek,P,P_aM3_h
I,aL1,047_P5,CGGTGGCGAA,CGGTGGCG,048_P7,CAGTGGCACT,CAGTGGCA,Piotrek,P,P_aL1_h
I,aL2,048_P5,TAACAATAGG,TAACAATA,048_P7,CAGTGGCACT,CAGTGGCA,Piotrek,P,P_aL2_h
I,aL3,049_P5,CTGGTACACG,CTGGTACA,049_P7,AGTGTTGCAC,AGTGTTGC,Piotrek,P,P_aL3_h
I,bS1,050_P5,TCAACGTGTA,TCAACGTG,049_P7,AGTGTTGCAC,AGTGTTGC,Piotrek,P,P_bS1_h
I,bS2,051_P5,ACTGTTGTGA,ACTGTTGT,049_P7,AGTGTTGCAC,AGTGTTGC,Piotrek,P,P_bS2_h
I,bS3,052_P5,GTGCGTCCTT,GTGCGTCC,049_P7,AGTGTTGCAC,AGTGTTGC,Piotrek,P,P_bS3_h
I,bM1,053_P5,AGCACATCCT,AGCACATC,049_P7,AGTGTTGCAC,AGTGTTGC,Piotrek,P,P_bM1_h
I,bM2,054_P5,TTCCGTCGCA,TTCCGTCG,049_P7,AGTGTTGCAC,AGTGTTGC,Piotrek,P,P_bM2_h
I,bM3,055_P5,CTTAACCACT,CTTAACCA,049_P7,AGTGTTGCAC,AGTGTTGC,Piotrek,P,P_bM3_h
I,bL1,056_P5,GCCTCGGATA,GCCTCGGA,049_P7,AGTGTTGCAC,AGTGTTGC,Piotrek,P,P_bL1_h
I,bL2,049_P5,CTGGTACACG,CTGGTACA,050_P7,GACACCATGT,GACACCAT,Piotrek,P,P_bL2_h
I,bL3,050_P5,TCAACGTGTA,TCAACGTG,050_P7,GACACCATGT,GACACCAT,Piotrek,P,P_bL3_h
I,blank_a,051_P5,ACTGTTGTGA,ACTGTTGT,050_P7,GACACCATGT,GACACCAT,Piotrek,P,P_blank_a_h
I,blank_b,052_P5,GTGCGTCCTT,GTGCGTCC,050_P7,GACACCATGT,GACACCAT,Piotrek,P,P_blank_b_h
I,Neg_PCR,053_P5,AGCACATCCT,AGCACATC,050_P7,GACACCATGT,GACACCAT,Piotrek,P,P_Neg_PCR
I,Neg_index,054_P5,TTCCGTCGCA,TTCCGTCG,050_P7,GACACCATGT,GACACCAT,Piotrek,P,P_Neg_index